AwarenessLevel,1
MaxMoveSpeed,200.0
CampMoveChance,0.33007647725975103
ConflictMoveChance,0.7029914696131853
DefaultMoveChance,0.39700853038681466
