AwarenessLevel,1
MaxMoveSpeed,200.0
CampMoveChance,0.9305750989814465
ConflictMoveChance,0.7029914696131853
DefaultMoveChance,0.9375113402173237
