AwarenessLevel,1
MaxMoveSpeed,200.0
CampMoveChance,0.06952490101855342
ConflictMoveChance,0.9375113402173237
DefaultMoveChance,0.1624886597826765
