AwarenessLevel,1
MaxMoveSpeed,200.0
CampMoveChance,0.33007647725975103
ConflictMoveChance,0.39700853038681466
DefaultMoveChance,0.1624886597826765
