AwarenessLevel,1
MaxMoveSpeed,200.0
CampMoveChance,0.670023522740249
ConflictMoveChance,0.39700853038681466
DefaultMoveChance,0.9375113402173237
