x_cord,y_cord
104.04464373246265,136.53609673838798
-302.19474964243403,198.52704874333742
23.191452937612667,462.60004933326593
109.88264155173786,241.02044487172674
